﻿A fecha de,"30-dic-2022"
 
Ticker,Nombre,Clase de activo,Peso (%),Precio,Acciones,Valor de mercado,Valor nominal,Sector,SEDOL,ISIN,Bolsa de valores,Ubicación,Moneda,Mercado de divisas,Tipo de Cambio
"WALMEX*","WALMART DE MEXICO V","Equity","11.95","68.59","96,245,454.00","6,601,475,689.86","6,601,475,689.86","Productos básicos de consumo","BW1YVH8","MX01WA000038","Bolsa Mexicana De Valores","México","MXN","MXN","1.00"
"GFNORTEO","GPO FINANCE BANORTE","Equity","11.94","139.91","47,131,901.00","6,594,224,268.91","6,594,224,268.91","Financieros","2421041","MXP370711014","Bolsa Mexicana De Valores","México","MXN","MXN","1.00"
"AMXL","AMERICA MOVIL L","Equity","11.62","17.68","363,202,035.00","6,421,411,978.80","6,421,411,978.80","Comunicación","2667470","MXP001691213","Bolsa Mexicana De Valores","México","MXN","MXN","1.00"
"FEMSAUBD","FOMENTO ECONOMICO MEXICANO","Equity","9.58","151.63","34,914,999.00","5,294,161,298.37","5,294,161,298.37","Productos básicos de consumo","2242059","MXP320321310","Bolsa Mexicana De Valores","México","MXN","MXN","1.00"
"GMEXICOB","GRUPO MEXICO B","Equity","7.33","68.41","59,186,364.00","4,048,939,161.24","4,048,939,161.24","Materiales","2643674","MXP370841019","Bolsa Mexicana De Valores","México","MXN","MXN","1.00"
"CEMEXCPO","CEMEX CPO","Equity","4.10","7.88","287,710,738.00","2,267,160,615.44","2,267,160,615.44","Materiales","2406457","MXP225611567","Bolsa Mexicana De Valores","México","MXN","MXN","1.00"
"BIMBOA","GRUPO BIMBO A","Equity","3.89","82.36","26,123,252.00","2,151,511,034.72","2,151,511,034.72","Productos básicos de consumo","2392471","MXP495211262","Bolsa Mexicana De Valores","México","MXN","MXN","1.00"
"GAPB","GRUPO AEROPORTUARIO DEL PACIFICO","Equity","3.48","279.15","6,883,550.00","1,921,542,982.50","1,921,542,982.50","Industriales","B0ZV104","MX01GA000004","Bolsa Mexicana De Valores","México","MXN","MXN","1.00"
"ASURB","GRUPO AEROPORTUARIO DEL SURESTE B","Equity","2.95","454.66","3,580,709.00","1,628,005,153.94","1,628,005,153.94","Industriales","2639349","MXP001661018","Bolsa Mexicana De Valores","México","MXN","MXN","1.00"
"AC*","ARCA CONTINENTAL","Equity","2.56","158.24","8,951,365.00","1,416,463,997.60","1,416,463,997.60","Productos básicos de consumo","2823885","MX01AC100006","Bolsa Mexicana De Valores","México","MXN","MXN","1.00"
"KOFUBL","COCA-COLA FEMSA CLASS UBL UNITS","Equity","2.40","131.84","10,037,996.00","1,323,409,392.64","1,323,409,392.64","Productos básicos de consumo","BHHP0S4","MX01KO000002","Bolsa Mexicana De Valores","México","MXN","MXN","1.00"
"GFINBURO","GRUPO FINANCIERO INBURSA SRIES O","Equity","2.23","32.84","37,460,572.00","1,230,205,184.48","1,230,205,184.48","Financieros","2822398","MXP370641013","Bolsa Mexicana De Valores","México","MXN","MXN","1.00"
"ELEKTRA*","GRUPO ELEKTRA","Equity","2.21","1,099.79","1,108,899.00","1,219,556,031.21","1,219,556,031.21","Financieros","2967084","MX01EL000003","Bolsa Mexicana De Valores","México","MXN","MXN","1.00"
"GRUMAB","GRUMA","Equity","1.63","260.74","3,449,333.00","899,379,086.42","899,379,086.42","Productos básicos de consumo","2392545","MXP4948K1056","Bolsa Mexicana De Valores","México","MXN","MXN","1.00"
"BBAJIOO","BANCO DEL BAJIO INSTITUCION DE BAN","Equity","1.61","61.55","14,474,523.00","890,906,890.65","890,906,890.65","Financieros","BYSX0F3","MX41BB000000","Bolsa Mexicana De Valores","México","MXN","MXN","1.00"
"KIMBERA","KIMBERLY-CLARK DE MEXICO CLASS A","Equity","1.60","33.07","26,773,559.00","885,401,596.13","885,401,596.13","Productos básicos de consumo","2491914","MXP606941179","Bolsa Mexicana De Valores","México","MXN","MXN","1.00"
"PE&OLES*","INDUST PENOLES","Equity","1.54","239.66","3,558,460.00","852,820,523.60","852,820,523.60","Materiales","2448200","MXP554091415","Bolsa Mexicana De Valores","México","MXN","MXN","1.00"
"TLEVISACPO","GRUPO TELEVISA","Equity","1.54","17.72","48,088,630.00","852,130,523.60","852,130,523.60","Comunicación","2380108","MXP4987V1378","Bolsa Mexicana De Valores","México","MXN","MXN","1.00"
"OMAB","GRUPO AEROPORTUARIO DEL CENTRO NOR","Equity","1.41","150.07","5,174,995.00","776,611,499.65","776,611,499.65","Industriales","B1KFX13","MX01OM000018","Bolsa Mexicana De Valores","México","MXN","MXN","1.00"
"GCARSOA1","GRUPO CARSO SERIES A1","Equity","1.39","81.77","9,406,251.00","769,149,144.27","769,149,144.27","Industriales","2393452","MXP461181085","Bolsa Mexicana De Valores","México","MXN","MXN","1.00"
"ALFAA","ALFA A","Equity","1.34","12.41","59,532,921.00","738,803,549.61","738,803,549.61","Industriales","2043423","MXP000511016","Bolsa Mexicana De Valores","México","MXN","MXN","1.00"
"PINFRA*","PROMOTORA Y OPERADORA DE INFRAESTR","Equity","1.11","159.56","3,829,110.00","610,972,791.60","610,972,791.60","Industriales","2393388","MX01PI000005","Bolsa Mexicana De Valores","México","MXN","MXN","1.00"
"ORBIA*","ORBIA ADVANCE CORP SA DE CV","Equity","1.10","34.50","17,573,437.00","606,283,576.50","606,283,576.50","Materiales","BH3T8K8","MX01OR010004","Bolsa Mexicana De Valores","México","MXN","MXN","1.00"
"VESTA*","CORPORACION INMOBILIARIA VESTA","Equity","1.06","46.51","12,607,455.00","586,372,732.05","586,372,732.05","Inmobiliario","B8F6ZF8","MX01VE0M0003","Bolsa Mexicana De Valores","México","MXN","MXN","1.00"
"MXN","MXN CASH","Cash","0.93","100.00","513,489,064.00","513,489,064.22","513,489,064.22","Liquidez","-","-","-","México","MXN","MXN","1.00"
"LIVEPOLC.1","EL PUERTO DE LIVERPOOL C1","Equity","0.78","114.92","3,752,753.00","431,266,374.76","431,266,374.76","Consumo discrecional","2306814","MXP369181377","Bolsa Mexicana De Valores","México","MXN","MXN","1.00"
"GENTERA*","GENTERA SAB DE CV","Equity","0.78","21.94","19,627,922.00","430,636,608.68","430,636,608.68","Financieros","BHWQZW1","MX01GE0E0004","Bolsa Mexicana De Valores","México","MXN","MXN","1.00"
"GCC*","GRUPO CEMENTOS","Equity","0.71","130.40","3,014,016.00","393,027,686.40","393,027,686.40","Materiales","2946663","MX01GC2M0006","Bolsa Mexicana De Valores","México","MXN","MXN","1.00"
"CUERVO*","BECLE SA DE CV","Equity","0.68","42.37","8,873,248.00","375,959,517.76","375,959,517.76","Productos básicos de consumo","BYM4063","MX01CU010003","Bolsa Mexicana De Valores","México","MXN","MXN","1.00"
"RA","REGIONAL SAB DE CV","Equity","0.63","140.09","2,493,127.00","349,262,161.43","349,262,161.43","Financieros","BG1Z6X0","MX01R0000006","Bolsa Mexicana De Valores","México","MXN","MXN","1.00"
"Q*","QUALITAS CONTROLADORA","Equity","0.61","85.92","3,953,307.00","339,668,137.44","339,668,137.44","Financieros","BYMXF65","MX01Q0000008","Bolsa Mexicana De Valores","México","MXN","MXN","1.00"
"ALSEA*","ALSEA DE CV","Equity","0.61","36.86","9,195,331.00","338,939,900.66","338,939,900.66","Consumo discrecional","2563017","MXP001391012","Bolsa Mexicana De Valores","México","MXN","MXN","1.00"
"BOLSAA","BOLSA MEXICANA DE VALORES","Equity","0.60","37.62","8,827,784.00","332,101,234.08","332,101,234.08","Financieros","B39VVF6","MX01BM1B0000","Bolsa Mexicana De Valores","México","MXN","MXN","1.00"
"SITES1A-1","OPERADORA DE SITES MEXICANOS SAD","Equity","0.60","19.17","17,284,493.00","331,343,730.81","331,343,730.81","Comunicación","BJLD2Y8","MX01SI0C0002","Bolsa Mexicana De Valores","México","MXN","MXN","1.00"
"MEGACPO","MEGACABLE HOLDINGS CPO","Equity","0.53","51.78","5,650,092.00","292,561,763.76","292,561,763.76","Comunicación","B292SM8","MX01ME090003","Bolsa Mexicana De Valores","México","MXN","MXN","1.00"
"LASITEB.1","SITIOS LATINOAMERICA S.A.B. DE C.","Equity","0.48","9.35","28,417,877.00","265,707,149.95","265,707,149.95","Comunicación","BNTFDQ3","MX01LA080009","Bolsa Mexicana De Valores","México","MXN","MXN","1.00"
"VOLARA","CONTROLADORA VUELA COMPANIA DE AVI","Equity","0.48","16.31","16,222,349.00","264,586,512.19","264,586,512.19","Industriales","BDZDPH6","MX01VO000009","Bolsa Mexicana De Valores","México","MXN","MXN","1.00"
 