﻿A fecha de,"31-oct-2022"
 
Ticker,Nombre,Clase de activo,Peso (%),Precio,Acciones,Valor de mercado,Valor nominal,Sector,SEDOL,ISIN,Bolsa de valores,Ubicación,Moneda,Mercado de divisas,Tipo de Cambio
"GFNORTEO","GPO FINANCE BANORTE","Equity","13.45","161.05","48,264,912.00","7,773,064,077.60","7,773,064,077.60","Financieros","2421041","MXP370711014","Bolsa Mexicana De Valores","México","MXN","MXN","1.00"
"WALMEX*","WALMART DE MEXICO V","Equity","13.05","76.53","98,559,099.00","7,542,727,846.47","7,542,727,846.47","Productos básicos de consumo","BW1YVH8","MX01WA000038","Bolsa Mexicana De Valores","México","MXN","MXN","1.00"
"AMXL","AMERICA MOVIL L","Equity","12.14","18.75","374,226,425.00","7,016,745,468.75","7,016,745,468.75","Comunicación","2667470","MXP001691213","Bolsa Mexicana De Valores","México","MXN","MXN","1.00"
"FEMSAUBD","FOMENTO ECONOMICO MEXICANO","Equity","8.80","142.23","35,754,416.00","5,085,350,587.68","5,085,350,587.68","Productos básicos de consumo","2242059","MXP320321310","Bolsa Mexicana De Valores","México","MXN","MXN","1.00"
"GMEXICOB","GRUPO MEXICO B","Equity","7.53","71.83","60,609,170.00","4,353,556,681.10","4,353,556,681.10","Materiales","2643674","MXP370841019","Bolsa Mexicana De Valores","México","MXN","MXN","1.00"
"CEMEXCPO","CEMEX CPO","Equity","3.93","7.70","294,626,996.00","2,268,627,869.20","2,268,627,869.20","Materiales","2406457","MXP225611567","Bolsa Mexicana De Valores","México","MXN","MXN","1.00"
"GAPB","GRUPO AEROPORTUARIO DEL PACIFICO","Equity","3.75","306.90","7,065,243.00","2,168,323,076.70","2,168,323,076.70","Industriales","B0ZV104","MX01GA000004","Bolsa Mexicana De Valores","México","MXN","MXN","1.00"
"BIMBOA","GRUPO BIMBO A","Equity","3.55","76.71","26,752,381.00","2,052,175,146.51","2,052,175,146.51","Productos básicos de consumo","2392471","MXP495211262","Bolsa Mexicana De Valores","México","MXN","MXN","1.00"
"ASURB","GRUPO AEROPORTUARIO DEL SURESTE B","Equity","2.94","463.70","3,666,820.00","1,700,304,434.00","1,700,304,434.00","Industriales","2639349","MXP001661018","Bolsa Mexicana De Valores","México","MXN","MXN","1.00"
"AC*","ARCA CONTINENTAL","Equity","2.60","162.29","9,271,554.00","1,504,680,498.66","1,504,680,498.66","Productos básicos de consumo","2823885","MX01AC100006","Bolsa Mexicana De Valores","México","MXN","MXN","1.00"
"GFINBURO","GRUPO FINANCIERO INBURSA SRIES O","Equity","2.42","36.57","38,213,852.00","1,397,480,567.64","1,397,480,567.64","Financieros","2822398","MXP370641013","Bolsa Mexicana De Valores","México","MXN","MXN","1.00"
"KOFUBL","COCA-COLA FEMSA CLASS UBL UNITS","Equity","2.21","124.81","10,222,374.00","1,275,854,498.94","1,275,854,498.94","Productos básicos de consumo","BHHP0S4","MX01KO000002","Bolsa Mexicana De Valores","México","MXN","MXN","1.00"
"ELEKTRA*","GRUPO ELEKTRA","Equity","1.95","994.14","1,135,662.00","1,129,007,020.68","1,129,007,020.68","Financieros","2967084","MX01EL000003","Bolsa Mexicana De Valores","México","MXN","MXN","1.00"
"TLEVISACPO","GRUPO TELEVISA","Equity","1.79","21.02","49,244,716.00","1,035,123,930.32","1,035,123,930.32","Comunicación","2380108","MXP4987V1378","Bolsa Mexicana De Valores","México","MXN","MXN","1.00"
"KIMBERA","KIMBERLY-CLARK DE MEXICO CLASS A","Equity","1.48","31.26","27,417,211.00","857,062,015.86","857,062,015.86","Productos básicos de consumo","2491914","MXP606941179","Bolsa Mexicana De Valores","México","MXN","MXN","1.00"
"OMAB","GRUPO AEROPORTUARIO DEL CENTRO NOR","Equity","1.45","157.84","5,299,511.00","836,474,816.24","836,474,816.24","Industriales","B1KFX13","MX01OM000018","Bolsa Mexicana De Valores","México","MXN","MXN","1.00"
"BBAJIOO","BANCO DEL BAJIO INSTITUCION DE BAN","Equity","1.43","55.88","14,822,563.00","828,284,820.44","828,284,820.44","Financieros","BYSX0F3","MX41BB000000","Bolsa Mexicana De Valores","México","MXN","MXN","1.00"
"PE&OLES*","INDUST PENOLES","Equity","1.41","224.76","3,636,100.00","817,249,836.00","817,249,836.00","Materiales","2448200","MXP554091415","Bolsa Mexicana De Valores","México","MXN","MXN","1.00"
"GRUMAB","GRUMA","Equity","1.41","229.83","3,549,099.00","815,689,423.17","815,689,423.17","Productos básicos de consumo","2392545","MXP4948K1056","Bolsa Mexicana De Valores","México","MXN","MXN","1.00"
"ALFAA","ALFA A","Equity","1.39","13.15","61,164,980.00","804,319,487.00","804,319,487.00","Industriales","2043423","MXP000511016","Bolsa Mexicana De Valores","México","MXN","MXN","1.00"
"GCARSOA1","GRUPO CARSO SERIES A1","Equity","1.33","79.84","9,636,776.00","769,400,195.84","769,400,195.84","Industriales","2393452","MXP461181085","Bolsa Mexicana De Valores","México","MXN","MXN","1.00"
"ORBIA*","ORBIA ADVANCE CORP SA DE CV","Equity","1.04","33.45","17,995,916.00","601,963,390.20","601,963,390.20","Materiales","BH3T8K8","MX01OR010004","Bolsa Mexicana De Valores","México","MXN","MXN","1.00"
"PINFRA*","PROMOTORA Y OPERADORA DE INFRAESTR","Equity","1.01","149.04","3,921,299.00","584,430,402.96","584,430,402.96","Industriales","2393388","MX01PI000005","Bolsa Mexicana De Valores","México","MXN","MXN","1.00"
"VESTA*","CORPORACION INMOBILIARIA VESTA","Equity","0.96","43.06","12,910,637.00","555,932,029.22","555,932,029.22","Inmobiliario","B8F6ZF8","MX01VE0M0003","Bolsa Mexicana De Valores","México","MXN","MXN","1.00"
"GENTERA*","GENTERA SAB DE CV","Equity","0.71","20.36","20,085,064.00","408,931,903.04","408,931,903.04","Financieros","BHWQZW1","MX01GE0E0004","Bolsa Mexicana De Valores","México","MXN","MXN","1.00"
"LIVEPOLC.1","EL PUERTO DE LIVERPOOL C1","Equity","0.68","101.56","3,843,004.00","390,295,486.24","390,295,486.24","Consumo discrecional","2306814","MXP369181377","Bolsa Mexicana De Valores","México","MXN","MXN","1.00"
"SITES1A-1","OPERADORA DE SITES MEXICANOS SAD","Equity","0.66","21.56","17,682,794.00","381,241,038.64","381,241,038.64","Comunicación","BJLD2Y8","MX01SI0C0002","Bolsa Mexicana De Valores","México","MXN","MXN","1.00"
"CUERVO*","BECLE SA DE CV","Equity","0.66","41.91","9,085,877.00","380,789,105.07","380,789,105.07","Productos básicos de consumo","BYM4063","MX01CU010003","Bolsa Mexicana De Valores","México","MXN","MXN","1.00"
"GCC*","GRUPO CEMENTOS","Equity","0.66","123.02","3,086,454.00","379,695,571.08","379,695,571.08","Materiales","2946663","MX01GC2M0006","Bolsa Mexicana De Valores","México","MXN","MXN","1.00"
"ALSEA*","ALSEA DE CV","Equity","0.63","37.99","9,515,314.00","361,486,778.86","361,486,778.86","Consumo discrecional","2563017","MXP001391012","Bolsa Mexicana De Valores","México","MXN","MXN","1.00"
"RA","REGIONAL SAB DE CV","Equity","0.61","138.46","2,552,741.00","353,452,518.86","353,452,518.86","Financieros","BG1Z6X0","MX01R0000006","Bolsa Mexicana De Valores","México","MXN","MXN","1.00"
"BOLSAA","BOLSA MEXICANA DE VALORES","Equity","0.57","36.08","9,102,592.00","328,421,519.36","328,421,519.36","Financieros","B39VVF6","MX01BM1B0000","Bolsa Mexicana De Valores","México","MXN","MXN","1.00"
"Q*","QUALITAS CONTROLADORA","Equity","0.55","77.85","4,108,561.00","319,851,473.85","319,851,473.85","Financieros","BYMXF65","MX01Q0000008","Bolsa Mexicana De Valores","México","MXN","MXN","1.00"
"VOLARA","CONTROLADORA VUELA COMPANIA DE AVI","Equity","0.48","16.84","16,609,463.00","279,703,356.92","279,703,356.92","Industriales","BDZDPH6","MX01VO000009","Bolsa Mexicana De Valores","México","MXN","MXN","1.00"
"MEGACPO","MEGACABLE HOLDINGS CPO","Equity","0.42","41.61","5,789,968.00","240,920,568.48","240,920,568.48","Comunicación","B292SM8","MX01ME090003","Bolsa Mexicana De Valores","México","MXN","MXN","1.00"
"LASITEB.1","SITIOS LATINOAMERICA S.A.B. DE C.","Equity","0.19","5.78","18,880,451.00","109,129,006.78","109,129,006.78","Comunicación","BNTFDQ3","MX01LA080009","Bolsa Mexicana De Valores","México","MXN","MXN","1.00"
"MXN","MXN CASH","Cash","0.15","100.00","89,317,564.00","89,317,564.34","89,317,564.34","Liquidez","-","-","-","México","MXN","MXN","1.00"
 