﻿,"29-ene-2021"
 
Ticker,Nombre,Clase de activo,Peso (%),Precio,Acciones,Valor de mercado,Valor nominal,Sector,,ISIN,Bolsa de valores,Ubicación,Moneda,Mercado de divisas,Tipo de Cambio
"AMXL","AMERICA MOVIL L","Equity","12.29","13.67","471,480,741.00","6,445,141,729.47","6,445,141,729.47","Comunicación","2667470","MXP001691213","Bolsa Mexicana De Valores","México","MXN","MXN","1.00"
"WALMEX*","WALMART DE MEXICO V","Equity","11.14","58.35","100,125,728.00","5,842,336,228.80","5,842,336,228.80","Productos básicos de consumo","BW1YVH8","MX01WA000038","Bolsa Mexicana De Valores","México","MXN","MXN","1.00"
"GMEXICOB","GRUPO MEXICO B","Equity","10.57","87.84","63,111,774.00","5,543,738,228.16","5,543,738,228.16","Materiales","2643674","MXP370841019","Bolsa Mexicana De Valores","México","MXN","MXN","1.00"
"FEMSAUBD","FOMENTO ECONOMICO MEXICANO","Equity","9.79","139.70","36,750,033.00","5,133,979,610.10","5,133,979,610.10","Productos básicos de consumo","2242059","MXP320321310","Bolsa Mexicana De Valores","México","MXN","MXN","1.00"
"GFNORTEO","GPO FINANCE BANORTE","Equity","9.39","101.57","48,461,797.00","4,922,264,721.29","4,922,264,721.29","Financieros","2421041","MXP370711014","Bolsa Mexicana De Valores","México","MXN","MXN","1.00"
"CEMEXCPO","CEMEX CPO","Equity","6.71","11.76","299,310,319.00","3,519,889,351.44","3,519,889,351.44","Materiales","2406457","MXP225611567","Bolsa Mexicana De Valores","México","MXN","MXN","1.00"
"GAPB","GRUPO AEROPORTUARIO DEL PACIFICO","Equity","3.08","206.60","7,825,718.00","1,616,793,338.80","1,616,793,338.80","Industriales","B0ZV104","MX01GA000004","Bolsa Mexicana De Valores","México","MXN","MXN","1.00"
"ELEKTRA*","GRUPO ELEKTRA","Equity","3.05","1,386.01","1,153,721.00","1,599,068,843.21","1,599,068,843.21","Financieros","2967084","MX01EL000003","Bolsa Mexicana De Valores","México","MXN","MXN","1.00"
"TLEVISACPO","GRUPO TELEVISA","Equity","2.96","30.99","50,027,403.00","1,550,349,218.97","1,550,349,218.97","Comunicación","2380108","MXP4987V1378","Bolsa Mexicana De Valores","México","MXN","MXN","1.00"
"ASURB","GRUPO AEROPORTUARIO DEL SURESTE B","Equity","2.43","322.53","3,944,151.00","1,272,107,022.03","1,272,107,022.03","Industriales","2639349","MXP001661018","Bolsa Mexicana De Valores","México","MXN","MXN","1.00"
"BIMBOA","GRUPO BIMBO A","Equity","2.04","38.52","27,723,234.00","1,067,898,973.68","1,067,898,973.68","Productos básicos de consumo","2392471","MXP495211262","Bolsa Mexicana De Valores","México","MXN","MXN","1.00"
"KIMBERA","KIMBERLY-CLARK DE MEXICO CLASS A","Equity","1.91","35.81","27,917,361.00","999,720,697.41","999,720,697.41","Productos básicos de consumo","2491914","MXP606941179","Bolsa Mexicana De Valores","México","MXN","MXN","1.00"
"GRUMAB","GRUMA","Equity","1.79","225.06","4,173,674.00","939,327,070.44","939,327,070.44","Productos básicos de consumo","2392545","MXP4948K1056","Bolsa Mexicana De Valores","México","MXN","MXN","1.00"
"KOFUBL","COCA-COLA FEMSA CLASS UBL UNITS","Equity","1.76","88.92","10,384,820.00","923,418,194.40","923,418,194.40","Productos básicos de consumo","BHHP0S4","MX01KO000002","Bolsa Mexicana De Valores","México","MXN","MXN","1.00"
"ORBIA*","ORBIA ADVANCE CORP SA DE CV","Equity","1.68","44.18","19,930,902.00","880,547,250.36","880,547,250.36","Materiales","BH3T8K8","MX01OR010004","Bolsa Mexicana De Valores","México","MXN","MXN","1.00"
"OMAB","GRUPO AEROPORTUARIO DEL CENTRO NOR","Equity","1.57","120.99","6,801,854.00","822,956,315.46","822,956,315.46","Industriales","B1KFX13","MX01OM000018","Bolsa Mexicana De Valores","México","MXN","MXN","1.00"
"AC*","ARCA CONTINENTAL","Equity","1.55","93.07","8,721,057.00","811,668,774.99","811,668,774.99","Productos básicos de consumo","2823885","MX01AC100006","Bolsa Mexicana De Valores","México","MXN","MXN","1.00"
"GFINBURO","GRUPO FINANCIERO INBURSA SRIES O","Equity","1.49","18.28","42,787,028.00","782,146,871.84","782,146,871.84","Financieros","2822398","MXP370641013","Bolsa Mexicana De Valores","México","MXN","MXN","1.00"
"PE&OLES*","INDUST PENOLES","Equity","1.43","306.75","2,436,222.00","747,311,098.50","747,311,098.50","Materiales","2448200","MXP554091415","Bolsa Mexicana De Valores","México","MXN","MXN","1.00"
"ALFAA","ALFA A","Equity","1.36","12.90","55,316,396.00","713,581,508.40","713,581,508.40","Industriales","2043423","MXP000511016","Bolsa Mexicana De Valores","México","MXN","MXN","1.00"
"IENOVA*","INFRAESTRUCTURA ENERGETICA NOVA","Equity","1.23","74.86","8,614,699.00","644,896,367.14","644,896,367.14","Servicios","B84XBP2","MX01IE060002","Bolsa Mexicana De Valores","México","MXN","MXN","1.00"
"PINFRA*","PROMOTORA Y OPERADORA DE INFRAESTR","Equity","1.21","154.06","4,133,706.00","636,838,746.36","636,838,746.36","Industriales","2393388","MX01PI000005","Bolsa Mexicana De Valores","México","MXN","MXN","1.00"
"CUERVO*","BECLE SA DE CV","Equity","0.90","43.73","10,837,556.00","473,926,323.88","473,926,323.88","Productos básicos de consumo","BYM4063","MX01CU010003","Bolsa Mexicana De Valores","México","MXN","MXN","1.00"
"GCARSOA1","GRUPO CARSO SERIES A1","Equity","0.88","51.59","8,975,995.00","463,071,582.05","463,071,582.05","Industriales","2393452","MXP461181085","Bolsa Mexicana De Valores","México","MXN","MXN","1.00"
"MEGACPO","MEGACABLE HOLDINGS CPO","Equity","0.84","74.12","5,910,622.00","438,095,302.64","438,095,302.64","Comunicación","B292SM8","MX01ME090003","Bolsa Mexicana De Valores","México","MXN","MXN","1.00"
"BOLSAA","BOLSA MEXICANA DE VALORES","Equity","0.82","46.00","9,381,728.00","431,559,488.00","431,559,488.00","Financieros","B39VVF6","MX01BM1B0000","Bolsa Mexicana De Valores","México","MXN","MXN","1.00"
"VESTA*","CORPORACION INMOBILIARIA VESTA","Equity","0.82","38.65","11,151,972.00","431,023,717.80","431,023,717.80","Inmobiliario","B8F6ZF8","MX01VE0M0003","Bolsa Mexicana De Valores","México","MXN","MXN","1.00"
"GCC*","GRUPO CEMENTOS","Equity","0.80","130.42","3,203,631.00","417,817,555.02","417,817,555.02","Materiales","2946663","MX01GC2M0006","Bolsa Mexicana De Valores","México","MXN","MXN","1.00"
"SITESB.1","TELESITES B-1","Equity","0.72","20.59","18,276,234.00","376,307,658.06","376,307,658.06","Comunicación","BD0G5P8","MX01SI080038","Bolsa Mexicana De Valores","México","MXN","MXN","1.00"
"Q*","QUALITAS CONTROLADORA","Equity","0.70","107.72","3,427,684.00","369,230,120.48","369,230,120.48","Financieros","BYMXF65","MX01Q0000008","Bolsa Mexicana De Valores","México","MXN","MXN","1.00"
"BBAJIOO","BANCO DEL BAJIO INSTITUCION DE BAN","Equity","0.67","24.76","14,123,122.00","349,688,500.72","349,688,500.72","Financieros","BYSX0F3","MX41BB000000","Bolsa Mexicana De Valores","México","MXN","MXN","1.00"
"LABB","GENOMMA LAB INTERNATIONAL","Equity","0.60","20.99","14,904,553.00","312,846,567.47","312,846,567.47","Cuidado de la Salud","B3B1C73","MX01LA010006","Bolsa Mexicana De Valores","México","MXN","MXN","1.00"
"LIVEPOLC.1","EL PUERTO DE LIVERPOOL C1","Equity","0.49","65.51","3,901,092.00","255,560,536.92","255,560,536.92","Consumo discrecional","2306814","MXP369181377","Bolsa Mexicana De Valores","México","MXN","MXN","1.00"
"ALSEA*","ALSEA DE CV","Equity","0.44","23.11","9,948,569.00","229,911,429.59","229,911,429.59","Consumo discrecional","2563017","MXP001391012","Bolsa Mexicana De Valores","México","MXN","MXN","1.00"
"GENTERA*","GENTERA SAB DE CV","Equity","0.32","8.02","20,704,417.00","166,049,424.34","166,049,424.34","Financieros","BHWQZW1","MX01GE0E0004","Bolsa Mexicana De Valores","México","MXN","MXN","1.00"
"MXN","MXN CASH","Cash","0.31","100.00","161,901,583.00","161,901,583.45","161,901,583.45","Liquidez","-","-","-","México","MXN","MXN","1.00"
"NMKA","CONTROLADORA NEMAK SAB DE CV","Equity","0.28","2.67","55,321,107.00","147,707,355.69","147,707,355.69","Consumo discrecional","BNC5F75","MX01NM010000","Bolsa Mexicana De Valores","México","MXN","MXN","1.00"
 