﻿,"31-mar-2022"
 
Ticker,Nombre,Clase de activo,Peso (%),Precio,Acciones,Valor de mercado,Valor nominal,Sector,,ISIN,Bolsa de valores,Ubicación,Moneda,Mercado de divisas,Tipo de Cambio
"AMXL","AMERICA MOVIL L","Equity","13.96","21.12","422,863,538.00","8,930,877,922.56","8,930,877,922.56","Comunicación","2667470","MXP001691213","Bolsa Mexicana De Valores","México","MXN","MXN","1.00"
"WALMEX*","WALMART DE MEXICO V","Equity","12.14","81.92","94,795,475.00","7,765,645,312.00","7,765,645,312.00","Productos básicos de consumo","BW1YVH8","MX01WA000038","Bolsa Mexicana De Valores","México","MXN","MXN","1.00"
"GMEXICOB","GRUPO MEXICO B","Equity","10.85","119.00","58,294,698.00","6,937,069,062.00","6,937,069,062.00","Materiales","2643674","MXP370841019","Bolsa Mexicana De Valores","México","MXN","MXN","1.00"
"GFNORTEO","GPO FINANCE BANORTE","Equity","10.73","149.55","45,882,073.00","6,861,664,017.15","6,861,664,017.15","Financieros","2421041","MXP370711014","Bolsa Mexicana De Valores","México","MXN","MXN","1.00"
"FEMSAUBD","FOMENTO ECONOMICO MEXICANO","Equity","8.89","165.36","34,389,013.00","5,686,567,189.68","5,686,567,189.68","Productos básicos de consumo","2242059","MXP320321310","Bolsa Mexicana De Valores","México","MXN","MXN","1.00"
"CEMEXCPO","CEMEX CPO","Equity","4.74","10.69","283,376,324.00","3,029,292,903.56","3,029,292,903.56","Materiales","2406457","MXP225611567","Bolsa Mexicana De Valores","México","MXN","MXN","1.00"
"TLEVISACPO","GRUPO TELEVISA","Equity","3.46","46.76","47,364,215.00","2,214,750,693.40","2,214,750,693.40","Comunicación","2380108","MXP4987V1378","Bolsa Mexicana De Valores","México","MXN","MXN","1.00"
"GAPB","GRUPO AEROPORTUARIO DEL PACIFICO","Equity","3.27","322.61","6,492,264.00","2,094,469,289.04","2,094,469,289.04","Industriales","B0ZV104","MX01GA000004","Bolsa Mexicana De Valores","México","MXN","MXN","1.00"
"BIMBOA","GRUPO BIMBO A","Equity","2.60","60.06","27,645,488.00","1,660,388,009.28","1,660,388,009.28","Productos básicos de consumo","2392471","MXP495211262","Bolsa Mexicana De Valores","México","MXN","MXN","1.00"
"ASURB","GRUPO AEROPORTUARIO DEL SURESTE B","Equity","2.56","443.93","3,682,435.00","1,634,743,369.55","1,634,743,369.55","Industriales","2639349","MXP001661018","Bolsa Mexicana De Valores","México","MXN","MXN","1.00"
"GFINBURO","GRUPO FINANCIERO INBURSA SRIES O","Equity","2.51","41.67","38,455,175.00","1,602,427,142.25","1,602,427,142.25","Financieros","2822398","MXP370641013","Bolsa Mexicana De Valores","México","MXN","MXN","1.00"
"ELEKTRA*","GRUPO ELEKTRA","Equity","2.21","1,293.26","1,092,284.00","1,412,607,205.84","1,412,607,205.84","Financieros","2967084","MX01EL000003","Bolsa Mexicana De Valores","México","MXN","MXN","1.00"
"KOFUBL","COCA-COLA FEMSA CLASS UBL UNITS","Equity","1.68","109.53","9,832,006.00","1,076,899,617.18","1,076,899,617.18","Productos básicos de consumo","BHHP0S4","MX01KO000002","Bolsa Mexicana De Valores","México","MXN","MXN","1.00"
"AC*","ARCA CONTINENTAL","Equity","1.68","135.25","7,926,698.00","1,072,085,904.50","1,072,085,904.50","Productos básicos de consumo","2823885","MX01AC100006","Bolsa Mexicana De Valores","México","MXN","MXN","1.00"
"ORBIA*","ORBIA ADVANCE CORP SA DE CV","Equity","1.48","52.51","18,061,306.00","948,399,178.06","948,399,178.06","Materiales","BH3T8K8","MX01OR010004","Bolsa Mexicana De Valores","México","MXN","MXN","1.00"
"GRUMAB","GRUMA","Equity","1.44","250.15","3,690,000.00","923,053,500.00","923,053,500.00","Productos básicos de consumo","2392545","MXP4948K1056","Bolsa Mexicana De Valores","México","MXN","MXN","1.00"
"ALFAA","ALFA A","Equity","1.30","15.11","55,101,415.00","832,582,380.65","832,582,380.65","Industriales","2043423","MXP000511016","Bolsa Mexicana De Valores","México","MXN","MXN","1.00"
"BBAJIOO","BANCO DEL BAJIO INSTITUCION DE BAN","Equity","1.24","54.61","14,479,290.00","790,714,026.90","790,714,026.90","Financieros","BYSX0F3","MX41BB000000","Bolsa Mexicana De Valores","México","MXN","MXN","1.00"
"OMAB","GRUPO AEROPORTUARIO DEL CENTRO NOR","Equity","1.19","148.83","5,097,082.00","758,598,714.06","758,598,714.06","Industriales","B1KFX13","MX01OM000018","Bolsa Mexicana De Valores","México","MXN","MXN","1.00"
"KIMBERA","KIMBERLY-CLARK DE MEXICO CLASS A","Equity","1.17","27.98","26,669,920.00","746,224,361.60","746,224,361.60","Productos básicos de consumo","2491914","MXP606941179","Bolsa Mexicana De Valores","México","MXN","MXN","1.00"
"GCARSOA1","GRUPO CARSO SERIES A1","Equity","0.98","74.41","8,441,396.00","628,124,276.36","628,124,276.36","Industriales","2393452","MXP461181085","Bolsa Mexicana De Valores","México","MXN","MXN","1.00"
"PINFRA*","PROMOTORA Y OPERADORA DE INFRAESTR","Equity","0.96","157.58","3,913,817.00","616,739,282.86","616,739,282.86","Industriales","2393388","MX01PI000005","Bolsa Mexicana De Valores","México","MXN","MXN","1.00"
"PE&OLES*","INDUST PENOLES","Equity","0.91","251.29","2,306,655.00","579,639,334.95","579,639,334.95","Materiales","2448200","MXP554091415","Bolsa Mexicana De Valores","México","MXN","MXN","1.00"
"VOLARA","CONTROLADORA VUELA COMPANIA DE AVI","Equity","0.86","36.34","15,134,272.00","549,979,444.48","549,979,444.48","Industriales","BDZDPH6","MX01VO000009","Bolsa Mexicana De Valores","México","MXN","MXN","1.00"
"CUERVO*","BECLE SA DE CV","Equity","0.77","48.95","10,084,177.00","493,620,464.15","493,620,464.15","Productos básicos de consumo","BYM4063","MX01CU010003","Bolsa Mexicana De Valores","México","MXN","MXN","1.00"
"ALSEA*","ALSEA DE CV","Equity","0.73","49.86","9,419,073.00","469,634,979.78","469,634,979.78","Consumo discrecional","2563017","MXP001391012","Bolsa Mexicana De Valores","México","MXN","MXN","1.00"
"VESTA*","CORPORACION INMOBILIARIA VESTA","Equity","0.73","38.04","12,286,883.00","467,393,029.32","467,393,029.32","Inmobiliario","B8F6ZF8","MX01VE0M0003","Bolsa Mexicana De Valores","México","MXN","MXN","1.00"
"SITES1A-1","OPERADORA DE SITES MEXICANOS SAD","Equity","0.68","25.32","17,227,817.00","436,208,326.44","436,208,326.44","Financieros","BJLD2Y8","MX01SI0C0002","Bolsa Mexicana De Valores","México","MXN","MXN","1.00"
"Q*","QUALITAS CONTROLADORA","Equity","0.68","113.99","3,800,215.00","433,186,507.85","433,186,507.85","Financieros","BYMXF65","MX01Q0000008","Bolsa Mexicana De Valores","México","MXN","MXN","1.00"
"GCC*","GRUPO CEMENTOS","Equity","0.67","143.41","2,968,668.00","425,736,677.88","425,736,677.88","Materiales","2946663","MX01GC2M0006","Bolsa Mexicana De Valores","México","MXN","MXN","1.00"
"LIVEPOLC.1","EL PUERTO DE LIVERPOOL C1","Equity","0.59","101.46","3,696,076.00","375,003,870.96","375,003,870.96","Consumo discrecional","2306814","MXP369181377","Bolsa Mexicana De Valores","México","MXN","MXN","1.00"
"BOLSAA","BOLSA MEXICANA DE VALORES","Equity","0.58","42.06","8,796,030.00","369,961,021.80","369,961,021.80","Financieros","B39VVF6","MX01BM1B0000","Bolsa Mexicana De Valores","México","MXN","MXN","1.00"
"RA","REGIONAL SAB DE CV","Equity","0.52","139.78","2,387,975.00","333,791,145.50","333,791,145.50","Financieros","BG1Z6X0","MX01R0000006","Bolsa Mexicana De Valores","México","MXN","MXN","1.00"
"MEGACPO","MEGACABLE HOLDINGS CPO","Equity","0.52","59.93","5,557,003.00","333,031,189.79","333,031,189.79","Comunicación","B292SM8","MX01ME090003","Bolsa Mexicana De Valores","México","MXN","MXN","1.00"
"LABB","GENOMMA LAB INTERNATIONAL","Equity","0.48","21.85","13,952,629.00","304,864,943.65","304,864,943.65","Cuidado de la Salud","B3B1C73","MX01LA010006","Bolsa Mexicana De Valores","México","MXN","MXN","1.00"
"MXN","MXN CASH","Cash","0.18","100.00","114,496,616.00","114,496,615.65","114,496,615.65","Liquidez","-","-","-","México","MXN","MXN","1.00"
"USD","USD CASH","Cash","0.07","1,994.02","2,237,436.00","44,618,941.53","44,618,941.53","Liquidez","-","-","-","Estados Unidos","MXN","USD","0.05"
 