﻿A fecha de,"31-ago-2022"
 
Ticker,Nombre,Clase de activo,Peso (%),Precio,Acciones,Valor de mercado,Valor nominal,Sector,SEDOL,ISIN,Bolsa de valores,Ubicación,Moneda,Mercado de divisas,Tipo de Cambio
"AMXL","AMERICA MOVIL L","Equity","14.11","17.17","435,497,930.00","7,477,499,458.10","7,477,499,458.10","Comunicación","2667470","MXP001691213","Bolsa Mexicana De Valores","México","MXN","MXN","1.00"
"WALMEX*","WALMART DE MEXICO V","Equity","12.25","65.84","98,633,151.00","6,494,006,661.84","6,494,006,661.84","Productos básicos de consumo","BW1YVH8","MX01WA000038","Bolsa Mexicana De Valores","México","MXN","MXN","1.00"
"GFNORTEO","GPO FINANCE BANORTE","Equity","10.72","118.98","47,739,586.00","5,680,055,942.28","5,680,055,942.28","Financieros","2421041","MXP370711014","Bolsa Mexicana De Valores","México","MXN","MXN","1.00"
"GMEXICOB","GRUPO MEXICO B","Equity","8.73","76.28","60,654,625.00","4,626,734,795.00","4,626,734,795.00","Materiales","2643674","MXP370841019","Bolsa Mexicana De Valores","México","MXN","MXN","1.00"
"FEMSAUBD","FOMENTO ECONOMICO MEXICANO","Equity","8.52","126.27","35,781,125.00","4,518,082,653.75","4,518,082,653.75","Productos básicos de consumo","2242059","MXP320321310","Bolsa Mexicana De Valores","México","MXN","MXN","1.00"
"CEMEXCPO","CEMEX CPO","Equity","4.16","7.47","294,848,699.00","2,202,519,781.53","2,202,519,781.53","Materiales","2406457","MXP225611567","Bolsa Mexicana De Valores","México","MXN","MXN","1.00"
"GAPB","GRUPO AEROPORTUARIO DEL PACIFICO","Equity","3.64","286.84","6,726,794.00","1,929,513,590.96","1,929,513,590.96","Industriales","B0ZV104","MX01GA000004","Bolsa Mexicana De Valores","México","MXN","MXN","1.00"
"BIMBOA","GRUPO BIMBO A","Equity","3.58","66.22","28,670,911.00","1,898,587,726.42","1,898,587,726.42","Productos básicos de consumo","2392471","MXP495211262","Bolsa Mexicana De Valores","México","MXN","MXN","1.00"
"ASURB","GRUPO AEROPORTUARIO DEL SURESTE B","Equity","3.08","426.71","3,831,398.00","1,634,895,840.58","1,634,895,840.58","Industriales","2639349","MXP001661018","Bolsa Mexicana De Valores","México","MXN","MXN","1.00"
"KOFUBL","COCA-COLA FEMSA CLASS UBL UNITS","Equity","2.38","123.18","10,230,016.00","1,260,133,370.88","1,260,133,370.88","Productos básicos de consumo","BHHP0S4","MX01KO000002","Bolsa Mexicana De Valores","México","MXN","MXN","1.00"
"GFINBURO","GRUPO FINANCIERO INBURSA SRIES O","Equity","2.37","31.74","39,594,743.00","1,256,737,142.82","1,256,737,142.82","Financieros","2822398","MXP370641013","Bolsa Mexicana De Valores","México","MXN","MXN","1.00"
"TLEVISACPO","GRUPO TELEVISA","Equity","2.36","25.39","49,281,648.00","1,251,261,042.72","1,251,261,042.72","Comunicación","2380108","MXP4987V1378","Bolsa Mexicana De Valores","México","MXN","MXN","1.00"
"ELEKTRA*","GRUPO ELEKTRA","Equity","2.24","1,044.52","1,136,322.00","1,186,911,055.44","1,186,911,055.44","Financieros","2967084","MX01EL000003","Bolsa Mexicana De Valores","México","MXN","MXN","1.00"
"AC*","ARCA CONTINENTAL","Equity","2.13","137.15","8,247,507.00","1,131,145,585.05","1,131,145,585.05","Productos básicos de consumo","2823885","MX01AC100006","Bolsa Mexicana De Valores","México","MXN","MXN","1.00"
"GRUMAB","GRUMA","Equity","1.56","219.53","3,778,074.00","829,400,585.22","829,400,585.22","Productos básicos de consumo","2392545","MXP4948K1056","Bolsa Mexicana De Valores","México","MXN","MXN","1.00"
"KIMBERA","KIMBERLY-CLARK DE MEXICO CLASS A","Equity","1.43","27.29","27,749,444.00","757,282,326.76","757,282,326.76","Productos básicos de consumo","2491914","MXP606941179","Bolsa Mexicana De Valores","México","MXN","MXN","1.00"
"ALFAA","ALFA A","Equity","1.38","12.82","57,145,008.00","732,599,002.56","732,599,002.56","Industriales","2043423","MXP000511016","Bolsa Mexicana De Valores","México","MXN","MXN","1.00"
"ORBIA*","ORBIA ADVANCE CORP SA DE CV","Equity","1.35","38.02","18,792,421.00","714,487,846.42","714,487,846.42","Materiales","BH3T8K8","MX01OR010004","Bolsa Mexicana De Valores","México","MXN","MXN","1.00"
"OMAB","GRUPO AEROPORTUARIO DEL CENTRO NOR","Equity","1.32","131.74","5,303,327.00","698,660,298.98","698,660,298.98","Industriales","B1KFX13","MX01OM000018","Bolsa Mexicana De Valores","México","MXN","MXN","1.00"
"BBAJIOO","BANCO DEL BAJIO INSTITUCION DE BAN","Equity","1.19","42.02","15,065,278.00","633,042,981.56","633,042,981.56","Financieros","BYSX0F3","MX41BB000000","Bolsa Mexicana De Valores","México","MXN","MXN","1.00"
"GCARSOA1","GRUPO CARSO SERIES A1","Equity","1.15","69.33","8,772,782.00","608,216,976.06","608,216,976.06","Industriales","2393452","MXP461181085","Bolsa Mexicana De Valores","México","MXN","MXN","1.00"
"PINFRA*","PROMOTORA Y OPERADORA DE INFRAESTR","Equity","1.09","141.61","4,072,101.00","576,650,222.61","576,650,222.61","Industriales","2393388","MX01PI000005","Bolsa Mexicana De Valores","México","MXN","MXN","1.00"
"VESTA*","CORPORACION INMOBILIARIA VESTA","Equity","0.90","37.12","12,784,180.00","474,548,761.60","474,548,761.60","Inmobiliario","B8F6ZF8","MX01VE0M0003","Bolsa Mexicana De Valores","México","MXN","MXN","1.00"
"MXN","MXN CASH","Cash","0.87","100.00","459,405,016.00","459,405,015.85","459,405,015.85","Liquidez","-","-","-","México","MXN","MXN","1.00"
"CUERVO*","BECLE SA DE CV","Equity","0.82","41.20","10,492,305.00","432,282,966.00","432,282,966.00","Productos básicos de consumo","BYM4063","MX01CU010003","Bolsa Mexicana De Valores","México","MXN","MXN","1.00"
"PE&OLES*","INDUST PENOLES","Equity","0.75","165.59","2,399,978.00","397,412,357.02","397,412,357.02","Materiales","2448200","MXP554091415","Bolsa Mexicana De Valores","México","MXN","MXN","1.00"
"SITES1A-1","OPERADORA DE SITES MEXICANOS SAD","Equity","0.67","20.06","17,825,101.00","357,571,526.06","357,571,526.06","Comunicación","BJLD2Y8","MX01SI0C0002","Bolsa Mexicana De Valores","México","MXN","MXN","1.00"
"ALSEA*","ALSEA DE CV","Equity","0.67","36.56","9,747,164.00","356,356,315.84","356,356,315.84","Consumo discrecional","2563017","MXP001391012","Bolsa Mexicana De Valores","México","MXN","MXN","1.00"
"GCC*","GRUPO CEMENTOS","Equity","0.67","115.22","3,088,779.00","355,889,116.38","355,889,116.38","Materiales","2946663","MX01GC2M0006","Bolsa Mexicana De Valores","México","MXN","MXN","1.00"
"Q*","QUALITAS CONTROLADORA","Equity","0.66","88.26","3,953,917.00","348,972,714.42","348,972,714.42","Financieros","BYMXF65","MX01Q0000008","Bolsa Mexicana De Valores","México","MXN","MXN","1.00"
"LIVEPOLC.1","EL PUERTO DE LIVERPOOL C1","Equity","0.65","89.84","3,845,777.00","345,504,605.68","345,504,605.68","Consumo discrecional","2306814","MXP369181377","Bolsa Mexicana De Valores","México","MXN","MXN","1.00"
"BOLSAA","BOLSA MEXICANA DE VALORES","Equity","0.63","36.39","9,134,957.00","332,421,085.23","332,421,085.23","Financieros","B39VVF6","MX01BM1B0000","Bolsa Mexicana De Valores","México","MXN","MXN","1.00"
"VOLARA","CONTROLADORA VUELA COMPANIA DE AVI","Equity","0.55","17.98","16,192,902.00","291,148,377.96","291,148,377.96","Industriales","BDZDPH6","MX01VO000009","Bolsa Mexicana De Valores","México","MXN","MXN","1.00"
"RA","REGIONAL SAB DE CV","Equity","0.51","108.77","2,491,078.00","270,954,554.06","270,954,554.06","Financieros","BG1Z6X0","MX01R0000006","Bolsa Mexicana De Valores","México","MXN","MXN","1.00"
"MEGACPO","MEGACABLE HOLDINGS CPO","Equity","0.46","42.25","5,783,295.00","244,344,213.75","244,344,213.75","Comunicación","B292SM8","MX01ME090003","Bolsa Mexicana De Valores","México","MXN","MXN","1.00"
"LABB","GENOMMA LAB INTERNATIONAL","Equity","0.45","16.47","14,493,236.00","238,703,596.92","238,703,596.92","Cuidado de la Salud","B3B1C73","MX01LA010006","Bolsa Mexicana De Valores","México","MXN","MXN","1.00"
 