﻿,"26-feb-2021"
 
Ticker,Nombre,Clase de activo,Peso (%),Precio,Acciones,Valor de mercado,Valor nominal,Sector,,ISIN,Bolsa de valores,Ubicación,Moneda,Mercado de divisas,Tipo de Cambio
"AMXL","AMERICA MOVIL L","Equity","11.59","13.39","459,347,153.00","6,150,658,378.67","6,150,658,378.67","Comunicación","2667470","MXP001691213","Bolsa Mexicana De Valores","México","MXN","MXN","1.00"
"GMEXICOB","GRUPO MEXICO B","Equity","11.51","99.33","61,487,766.00","6,107,579,796.78","6,107,579,796.78","Materiales","2643674","MXP370841019","Bolsa Mexicana De Valores","México","MXN","MXN","1.00"
"WALMEX*","WALMART DE MEXICO V","Equity","10.97","59.68","97,549,044.00","5,821,726,945.92","5,821,726,945.92","Productos básicos de consumo","BW1YVH8","MX01WA000038","Bolsa Mexicana De Valores","México","MXN","MXN","1.00"
"FEMSAUBD","FOMENTO ECONOMICO MEXICANO","Equity","9.66","143.14","35,804,265.00","5,125,022,492.10","5,125,022,492.10","Productos básicos de consumo","2242059","MXP320321310","Bolsa Mexicana De Valores","México","MXN","MXN","1.00"
"GFNORTEO","GPO FINANCE BANORTE","Equity","9.35","105.06","47,214,903.00","4,960,397,709.18","4,960,397,709.18","Financieros","2421041","MXP370711014","Bolsa Mexicana De Valores","México","MXN","MXN","1.00"
"CEMEXCPO","CEMEX CPO","Equity","7.66","13.94","291,607,585.00","4,065,009,734.90","4,065,009,734.90","Materiales","2406457","MXP225611567","Bolsa Mexicana De Valores","México","MXN","MXN","1.00"
"GAPB","GRUPO AEROPORTUARIO DEL PACIFICO","Equity","3.04","211.64","7,624,444.00","1,613,637,328.16","1,613,637,328.16","Industriales","B0ZV104","MX01GA000004","Bolsa Mexicana De Valores","México","MXN","MXN","1.00"
"ELEKTRA*","GRUPO ELEKTRA","Equity","2.94","1,385.84","1,124,205.00","1,557,968,257.20","1,557,968,257.20","Financieros","2967084","MX01EL000003","Bolsa Mexicana De Valores","México","MXN","MXN","1.00"
"TLEVISACPO","GRUPO TELEVISA","Equity","2.86","31.13","48,740,003.00","1,517,276,293.39","1,517,276,293.39","Comunicación","2380108","MXP4987V1378","Bolsa Mexicana De Valores","México","MXN","MXN","1.00"
"ASURB","GRUPO AEROPORTUARIO DEL SURESTE B","Equity","2.83","391.43","3,842,729.00","1,504,159,412.47","1,504,159,412.47","Industriales","2639349","MXP001661018","Bolsa Mexicana De Valores","México","MXN","MXN","1.00"
"BIMBOA","GRUPO BIMBO A","Equity","2.00","39.30","27,009,826.00","1,061,486,161.80","1,061,486,161.80","Productos básicos de consumo","2392471","MXP495211262","Bolsa Mexicana De Valores","México","MXN","MXN","1.00"
"ORBIA*","ORBIA ADVANCE CORP SA DE CV","Equity","1.79","48.79","19,418,140.00","947,411,050.60","947,411,050.60","Materiales","BH3T8K8","MX01OR010004","Bolsa Mexicana De Valores","México","MXN","MXN","1.00"
"GRUMAB","GRUMA","Equity","1.75","228.02","4,066,286.00","927,194,533.72","927,194,533.72","Productos básicos de consumo","2392545","MXP4948K1056","Bolsa Mexicana De Valores","México","MXN","MXN","1.00"
"KIMBERA","KIMBERLY-CLARK DE MEXICO CLASS A","Equity","1.71","33.45","27,198,929.00","909,804,175.05","909,804,175.05","Productos básicos de consumo","2491914","MXP606941179","Bolsa Mexicana De Valores","México","MXN","MXN","1.00"
"KOFUBL","COCA-COLA FEMSA CLASS UBL UNITS","Equity","1.67","87.79","10,117,606.00","888,224,630.74","888,224,630.74","Productos básicos de consumo","BHHP0S4","MX01KO000002","Bolsa Mexicana De Valores","México","MXN","MXN","1.00"
"AC*","ARCA CONTINENTAL","Equity","1.52","94.77","8,496,861.00","805,247,516.97","805,247,516.97","Productos básicos de consumo","2823885","MX01AC100006","Bolsa Mexicana De Valores","México","MXN","MXN","1.00"
"OMAB","GRUPO AEROPORTUARIO DEL CENTRO NOR","Equity","1.52","121.36","6,626,956.00","804,247,380.16","804,247,380.16","Industriales","B1KFX13","MX01OM000018","Bolsa Mexicana De Valores","México","MXN","MXN","1.00"
"GFINBURO","GRUPO FINANCIERO INBURSA SRIES O","Equity","1.48","18.86","41,686,144.00","786,200,675.84","786,200,675.84","Financieros","2822398","MXP370641013","Bolsa Mexicana De Valores","México","MXN","MXN","1.00"
"PE&OLES*","INDUST PENOLES","Equity","1.28","287.15","2,373,736.00","681,618,292.40","681,618,292.40","Materiales","2448200","MXP554091415","Bolsa Mexicana De Valores","México","MXN","MXN","1.00"
"PINFRA*","PROMOTORA Y OPERADORA DE INFRAESTR","Equity","1.17","153.88","4,027,574.00","619,763,087.12","619,763,087.12","Industriales","2393388","MX01PI000005","Bolsa Mexicana De Valores","México","MXN","MXN","1.00"
"ALFAA","ALFA A","Equity","1.16","11.39","53,893,034.00","613,841,657.26","613,841,657.26","Industriales","2043423","MXP000511016","Bolsa Mexicana De Valores","México","MXN","MXN","1.00"
"IENOVA*","INFRAESTRUCTURA ENERGETICA NOVA","Equity","1.15","72.81","8,393,015.00","611,095,422.15","611,095,422.15","Servicios","B84XBP2","MX01IE060002","Bolsa Mexicana De Valores","México","MXN","MXN","1.00"
"CUERVO*","BECLE SA DE CV","Equity","0.86","43.15","10,558,724.00","455,608,940.60","455,608,940.60","Productos básicos de consumo","BYM4063","MX01CU010003","Bolsa Mexicana De Valores","México","MXN","MXN","1.00"
"GCARSOA1","GRUPO CARSO SERIES A1","Equity","0.85","51.84","8,745,205.00","453,351,427.20","453,351,427.20","Industriales","2393452","MXP461181085","Bolsa Mexicana De Valores","México","MXN","MXN","1.00"
"VESTA*","CORPORACION INMOBILIARIA VESTA","Equity","0.81","39.49","10,864,976.00","429,057,902.24","429,057,902.24","Inmobiliario","B8F6ZF8","MX01VE0M0003","Bolsa Mexicana De Valores","México","MXN","MXN","1.00"
"MEGACPO","MEGACABLE HOLDINGS CPO","Equity","0.78","72.24","5,758,646.00","416,004,587.04","416,004,587.04","Comunicación","B292SM8","MX01ME090003","Bolsa Mexicana De Valores","México","MXN","MXN","1.00"
"GCC*","GRUPO CEMENTOS","Equity","0.77","130.81","3,121,363.00","408,305,494.03","408,305,494.03","Materiales","2946663","MX01GC2M0006","Bolsa Mexicana De Valores","México","MXN","MXN","1.00"
"BOLSAA","BOLSA MEXICANA DE VALORES","Equity","0.74","42.85","9,140,576.00","391,673,681.60","391,673,681.60","Financieros","B39VVF6","MX01BM1B0000","Bolsa Mexicana De Valores","México","MXN","MXN","1.00"
"Q*","QUALITAS CONTROLADORA","Equity","0.72","113.79","3,339,764.00","380,031,745.56","380,031,745.56","Financieros","BYMXF65","MX01Q0000008","Bolsa Mexicana De Valores","México","MXN","MXN","1.00"
"BBAJIOO","BANCO DEL BAJIO INSTITUCION DE BAN","Equity","0.62","24.03","13,759,824.00","330,648,570.72","330,648,570.72","Financieros","BYSX0F3","MX41BB000000","Bolsa Mexicana De Valores","México","MXN","MXN","1.00"
"SITESB.1","TELESITES B-1","Equity","0.62","18.47","17,806,176.00","328,880,070.72","328,880,070.72","Comunicación","BD0G5P8","MX01SI080038","Bolsa Mexicana De Valores","México","MXN","MXN","1.00"
"LABB","GENOMMA LAB INTERNATIONAL","Equity","0.57","20.99","14,521,159.00","304,799,127.41","304,799,127.41","Cuidado de la Salud","B3B1C73","MX01LA010006","Bolsa Mexicana De Valores","México","MXN","MXN","1.00"
"ALSEA*","ALSEA DE CV","Equity","0.46","25.44","9,692,659.00","246,581,244.96","246,581,244.96","Consumo discrecional","2563017","MXP001391012","Bolsa Mexicana De Valores","México","MXN","MXN","1.00"
"LIVEPOLC.1","EL PUERTO DE LIVERPOOL C1","Equity","0.45","63.33","3,800,926.00","240,712,643.58","240,712,643.58","Consumo discrecional","2306814","MXP369181377","Bolsa Mexicana De Valores","México","MXN","MXN","1.00"
"MXN","MXN CASH","Cash","0.42","100.00","220,849,523.00","220,849,523.14","220,849,523.14","Liquidez","-","-","-","México","MXN","MXN","1.00"
"GENTERA*","GENTERA SAB DE CV","Equity","0.40","10.64","20,171,873.00","214,628,728.72","214,628,728.72","Financieros","BHWQZW1","MX01GE0E0004","Bolsa Mexicana De Valores","México","MXN","MXN","1.00"
"NMKA","CONTROLADORA NEMAK SAB DE CV","Equity","0.30","2.94","53,897,431.00","158,458,447.14","158,458,447.14","Consumo discrecional","BNC5F75","MX01NM010000","Bolsa Mexicana De Valores","México","MXN","MXN","1.00"
 